casa,casa
edificio,edificio
hogar,casa
grande,grande
enorme,enorme
voluminoso,voluminoso
pequeño,piccolo
diminuto,minuscolo
perro,cane
gato,gatto
coche,macchina
coche,auto
carro,macchina
automóvil,automobile
libro,libro
mesa,tavolo
silla,sedia
puerta,porta
ventana,finestra
agua,acqua
leche,latte
pan,pane
manzana,mela
comida,cibo
comer,mangiare
beber,bere
correr,correre
hablar,parlare
charlar,chiacchierare
leer,leggere
escribir,scrivere
dormir,dormire
mirar,guardare
ver,vedere
comenzar,cominciare
empezar,iniziare
terminar,finire
acabar,finire
parar,fermare
escuela,scuola
maestro,maestro
profesor,professore
amigo,amico
compañero,compagno
colega,collega
familia,famiglia
niño,bambino
crío,bimbo
chico,ragazzo
ciudad,città
pueblo,paese
pueblo,villaggio
camino,cammino
carretera,strada
vía,via
árbol,albero
flor,fiore
bosque,bosco
lago,lago
mar,mare
océano,oceano
montaña,montagna
sol,sole
luna,luna
estrella,stella
cielo,cielo
feliz,felice
contento,contento
alegre,allegro
triste,triste
apenado,addolorato
enfadado,arrabbiato
enojado,arrabbiato
asustado,spaventato
temeroso,timoroso
cansado,stanco
agotado,esausto
nuevo,nuovo
viejo,vecchio
antiguo,antico
anciano,anziano
bonito,bello
hermoso,bello
lindo,carino
rápido,veloce
rápido,rapido
veloz,veloce
caliente,caldo
cálido,caldo
frío,freddo
fresco,fresco
fácil,facile
sencillo,semplice
difícil,difficile
duro,duro
inteligente,intelligente
listo,intelligente
astuto,astuto
divertido,divertente
gracioso,buffo
