hus,house
hem,home
stor,big
stor,large
stor,huge
stor,volymous
liten,small
liten,little
bil,car
katt,cat
hund,dog
bok,book
bord,table
stol,chair
fönster,window
dörr,door
vatten,water
mat,food
äpple,apple
bröd,bread
mjölk,milk
ost,cheese
fisk,fish
fågel,bird
träd,tree
blomma,flower
sol,sun
måne,moon
stjärna,star
himmel,sky
himmel,heaven
regn,rain
snö,snow
vind,wind
dag,day
natt,night
vecka,week
år,year
tid,time
skola,school
lärare,teacher
elev,student
vän,friend
familj,family
mamma,mother
pappa,father
bror,brother
syster,sister
barn,child
glad,happy
ledsen,sad
snabb,fast
långsam,slow
varm,warm
kall,cold
ny,new
liten,tiny
bil,automobile
hund,puppy
katt,kitty
mat,meal
glad,cheerful
glad,glad
ledsen,unhappy
ledsen,sorry
snabb,quick
snabb,rapid
långsam,sluggish
varm,hot
kall,chilly
ny,fresh
vän,buddy
mamma,mom
mamma,mum
pappa,dad
barn,kid
