hus,casa
hus,edificio
hem,hogar
stor,grande
stor,enorme
stor,voluminoso
liten,pequeño
liten,chico
liten,diminuto
snabb,rápido
snabb,veloz
glad,feliz
glad,alegre
glad,contento
ledsen,triste
ledsen,apenado
vacker,hermoso
vacker,bonito
vacker,lindo
barn,niño
barn,crío
hav,mar
hav,océano
stad,ciudad
stad,pueblo
väg,camino
väg,carretera
väg,vía
kall,frío
kall,fresco
varm,cálido
varm,caliente
gammal,viejo
gammal,anciano
gammal,antiguo
vän,amigo
vän,compañero
vän,colega
bil,coche
bil,automóvil
bil,carro
smart,listo
smart,inteligente
smart,astuto
rolig,divertido
rolig,gracioso
lätt,fácil
lätt,sencillo
svår,difícil
svår,duro
arg,enfadado
arg,enojado
börja,empezar
börja,comenzar
sluta,parar
sluta,terminar
sluta,acabar
prata,hablar
prata,charlar
titta,mirar
titta,ver
rädd,asustado
rädd,temeroso
trött,cansado
trött,agotado
katt,gato
hund,perro
bok,libro
bord,mesa
stol,silla
fönster,ventana
dörr,puerta
vatten,agua
bröd,pan
mjölk,leche
äpple,manzana
träd,árbol
blomma,flor
sol,sol
måne,luna
stjärna,estrella
himmel,cielo
sjö,lago
berg,montaña
skog,bosque
skola,escuela
lärare,profesor
lärare,maestro
familj,familia
mat,comida
ny,nuevo
springa,correr
äta,comer
dricka,beber
sova,dormir
läsa,leer
skriva,escribir
